"modelName","ICspecTRUE","ICfitted","N","T","param_type","bias","rel_bias","rmse","coverage","sd_minus_se","power"
"PFAnons","diffuse","deJong",20,50,"measurement",-0.00091844987810209,-0.00080542203408181,0.0358800610353514,0.944226044226044,0.00107614482519293,1
"PFAnons","diffuse","deJong",20,50,"process_noise",-0.0098296654779868,-0.0315218130516893,0.0368280107269987,0.942669942669943,-0.0012785352541,0.976248976248976
"PFAnons","diffuse","deJong",20,50,"time_series",-0.000126660950544491,-1.47190724255035e-05,0.00286712131291832,0.961302211302211,-0.000154907653812044,1
"PFAnons","diffuse","deJong",200,5,"measurement",-0.0132263314863153,-0.0118938251491424,0.049269546171774,0.79859437751004,-0.000771332361194906,1
"PFAnons","diffuse","deJong",200,5,"process_noise",0.0174860869779769,0.0517385838453499,0.0473361748498819,0.93574297188755,-0.00271629283578081,0.957161981258367
"PFAnons","diffuse","deJong",200,5,"time_series",-0.0132131401545158,-0.0124096668838335,0.02112926941092,0.852911646586345,-0.000811027410956573,1
"PFAnons","diffuse","EKF",20,50,"measurement",-0.000540123228168465,-0.000284825738348696,0.0354081280506019,0.949375,0.000559213937983587,1
"PFAnons","diffuse","EKF",20,50,"process_noise",-0.0106884376675385,-0.0375205863960498,0.035657836541296,0.944791666666667,-0.00258287818390609,0.973958333333333
"PFAnons","diffuse","EKF",20,50,"time_series",-0.000233381403141747,-0.000202051401657705,0.00290649715993982,0.96171875,-0.000154054265346942,1
"PFAnons","diffuse","EKF",200,5,"measurement",-0.0133209586950604,-0.0119245305930093,0.0493152508482256,0.798210735586481,-0.000739925165322516,1
"PFAnons","diffuse","EKF",200,5,"process_noise",0.0176084430172636,0.0527577487489813,0.0473553517714194,0.9350563286945,-0.00274588514484603,0.957587806494367
"PFAnons","diffuse","EKF",200,5,"time_series",-0.0132055613854548,-0.012428397491538,0.0211396992746655,0.852882703777336,-0.000794058610413285,1
"PFAnons","diffuse","FreeParm",20,50,"init_cond",0.306240295777151,-0.581684679245649,1.82551427118991,0.378125,-0.194613325048722,0.53125
"PFAnons","diffuse","FreeParm",20,50,"measurement",-0.000534474383933076,-0.000220122974825469,0.035394138216485,0.9484375,0.000556868590086217,1
"PFAnons","diffuse","FreeParm",20,50,"process_noise",-0.0108830534958989,-0.0376052313906987,0.0357799818023771,0.942708333333333,-0.00249175653974788,0.972916666666667
"PFAnons","diffuse","FreeParm",20,50,"time_series",-0.000200857064612633,-0.000167391226564177,0.00291884674105729,0.96015625,-0.000140033081616023,1
"PFAnons","diffuse","FreeParm",200,5,"init_cond",0.359046803004488,-0.570612898702614,1.81822376332943,0.00675944333996024,-0.0803386779907737,0.619085487077535
"PFAnons","diffuse","FreeParm",200,5,"measurement",-0.000221077221054428,-0.000364208811209786,0.0415199619080802,0.951491053677932,-0.000673800577894422,1
"PFAnons","diffuse","FreeParm",200,5,"process_noise",-0.0107713562479175,-0.0292766756672406,0.0426543182040265,0.952286282306163,-0.00313652372856919,0.955599734923791
"PFAnons","diffuse","FreeParm",200,5,"time_series",0.00039544084868548,0.000650057899620174,0.0161788491231584,0.957256461232604,-0.000788495138232121,1
"PFAnons","diffuse","largeK",20,50,"measurement",-0.000561390003895623,-0.000274770729454384,0.0353904370826955,0.949532710280374,0.000541018697395826,1
"PFAnons","diffuse","largeK",20,50,"process_noise",-0.0107892591069415,-0.037385626352492,0.0356922284652837,0.944963655244029,-0.00258609783117904,0.975077881619938
"PFAnons","diffuse","largeK",20,50,"time_series",-0.000251427218098815,-0.000207979024931216,0.00291913715775486,0.961059190031153,-0.000143396344661317,1
"PFAnons","diffuse","largeK",200,5,"measurement",-0.0132819346123636,-0.0118970881162917,0.0492672439569432,0.799005964214712,-0.000740143196080435,1
"PFAnons","diffuse","largeK",200,5,"process_noise",0.017497465594352,0.0524557320087398,0.0473011797433885,0.9350563286945,-0.00274809661575221,0.957587806494367
"PFAnons","diffuse","largeK",200,5,"time_series",-0.0131657711402928,-0.0123877080952219,0.0211150608863897,0.85337972166998,-0.000794113360144945,1
"PFAnons","diffuse","Null",20,50,"measurement",0.0604341821390446,0.0997588315922109,0.0776715351317572,0.711764705882353,0.00175749741058325,1
"PFAnons","diffuse","Null",20,50,"process_noise",0.00369214057735106,-0.15534050323771,0.0588437276089385,0.754385964912281,-0.00150525872284082,0.743034055727554
"PFAnons","diffuse","Null",20,50,"time_series",-0.000113261342720494,-0.000134324632938696,0.00291549313289639,0.972136222910217,-0.000350930350086952,1
"PFAnons","diffuse","Null",200,5,"measurement",0.573223095438613,0.851159275493182,0.589360463236333,0.388223552894212,-0.00383013091650766,1
"PFAnons","diffuse","Null",200,5,"process_noise",0.370557211231777,-0.147441325723162,0.598617005160508,0,-0.019131769736115,0.98270126413839
"PFAnons","diffuse","Null",200,5,"time_series",0.0156313215634203,0.0181602033561517,0.0248554252841028,0.993013972055888,-0.0144433684828582,1
"PFAnons","FreeParm","deJong",20,50,"measurement",-0.000941345206605343,-0.000494162677660306,0.0345777446759161,0.949886104783599,-0.000355739533504341,1
"PFAnons","FreeParm","deJong",20,50,"process_noise",-0.00757389688416039,-0.0237787399096229,0.0358337129858074,0.945330296127563,-0.00184118030264648,0.981776765375854
"PFAnons","FreeParm","deJong",20,50,"time_series",-0.000147437195796657,-8.96206676103446e-05,0.00294636344399941,0.958997722095672,-0.000236784870846606,1
"PFAnons","FreeParm","deJong",200,5,"measurement",-0.0189423531106029,-0.0168956611806421,0.0546241151365463,0.7572,-0.00026649838144428,1
"PFAnons","FreeParm","deJong",200,5,"process_noise",0.0389166947658558,0.117767394551547,0.0616368492935921,0.870666666666667,-0.00127886789891946,0.964666666666667
"PFAnons","FreeParm","deJong",200,5,"time_series",-0.0264402031671197,-0.0230109204508209,0.0337306395582837,0.783,-0.00115580504849127,1
"PFAnons","FreeParm","EKF",20,50,"measurement",-0.000728856200552302,-0.00062626019322976,0.0345978645212506,0.951197604790419,-0.000345731875360207,1
"PFAnons","FreeParm","EKF",20,50,"process_noise",-0.00860994915330421,-0.029433937617369,0.0358744076303271,0.941117764471058,-0.00184902863525993,0.974051896207585
"PFAnons","FreeParm","EKF",20,50,"time_series",-0.000162937290880336,-0.000144243362214225,0.00302698176056481,0.958083832335329,-0.000233007709034807,1
"PFAnons","FreeParm","EKF",200,5,"measurement",-0.0189423549695966,-0.0168956621540829,0.054624117092682,0.7572,-0.000266498237863815,1
"PFAnons","FreeParm","EKF",200,5,"process_noise",0.0389166943841318,0.117767395687952,0.0616368463463442,0.870666666666667,-0.00127887086560013,0.964666666666667
"PFAnons","FreeParm","EKF",200,5,"time_series",-0.0264402012753127,-0.0230109201710499,0.0337306378148413,0.783,-0.00115580533871343,1
"PFAnons","FreeParm","FreeParm",20,50,"init_cond",-0.0445183349160604,-0.069482149596363,0.269833644983335,0.912121212121212,-0.00353271638558094,0.747272727272727
"PFAnons","FreeParm","FreeParm",20,50,"measurement",-0.000591667925725903,-0.000510581031034157,0.0346711396168475,0.950909090909091,-0.000236231104662378,1
"PFAnons","FreeParm","FreeParm",20,50,"process_noise",-0.00887378922080478,-0.0305464578519813,0.0357901659954072,0.939393939393939,-0.00193723390531612,0.974747474747475
"PFAnons","FreeParm","FreeParm",20,50,"time_series",-9.76813724471171e-05,-8.82922372948323e-05,0.00301600917722488,0.959090909090909,-0.00023912423858494,1
"PFAnons","FreeParm","FreeParm",200,5,"init_cond",-0.00477689983214564,-0.00789445127034417,0.0927028817546836,0.9412,0.00114831277832091,0.9912
"PFAnons","FreeParm","FreeParm",200,5,"measurement",-0.00093392585210158,-0.00102609693801505,0.0431225789635031,0.9474,-6.61973002599434e-05,1
"PFAnons","FreeParm","FreeParm",200,5,"process_noise",-0.00935680138740203,-0.0326367304047988,0.0438056363917027,0.950666666666667,-0.0021119925081878,0.946666666666667
"PFAnons","FreeParm","FreeParm",200,5,"time_series",0.000686687384201662,0.000525691427634115,0.0216211846131403,0.965,-0.00117236532225407,1
"PFAnons","FreeParm","largeK",20,50,"measurement",-0.00084462751799716,-0.000714576152534143,0.034642717886441,0.95134328358209,-0.000296967330975232,1
"PFAnons","FreeParm","largeK",20,50,"process_noise",-0.00872058668670611,-0.02943738937273,0.0359888174399121,0.941293532338308,-0.00176736804504175,0.974129353233831
"PFAnons","FreeParm","largeK",20,50,"time_series",-0.000152502209318436,-0.000151999414144113,0.0030263215577765,0.956716417910448,-0.000235759914659352,1
"PFAnons","FreeParm","largeK",200,5,"measurement",-0.0189223905054389,-0.01688454497174,0.0545963597822134,0.7578,-0.000266659265211439,1
"PFAnons","FreeParm","largeK",200,5,"process_noise",0.0388544329795449,0.117579850152976,0.0615915177943046,0.872,-0.00127882307296788,0.964666666666667
"PFAnons","FreeParm","largeK",200,5,"time_series",-0.0263958134169728,-0.0229575016402294,0.0336946612673283,0.7835,-0.00115623590357705,1
"PFAnons","FreeParm","Null",20,50,"measurement",0.0233095057156205,0.0379176338349925,0.0475419347615718,0.85952380952381,0.000891502674695753,1
"PFAnons","FreeParm","Null",20,50,"process_noise",-0.0245403403462507,-0.149257197336367,0.0418510215332727,0.909722222222222,-0.00581261277591972,0.866071428571429
"PFAnons","FreeParm","Null",20,50,"time_series",-0.000179464904801141,-0.000198648963469121,0.00304283035143676,0.967261904761905,-0.00037458291060536,1
"PFAnons","FreeParm","Null",200,5,"measurement",0.245723725135061,0.364379090850368,0.265292747098377,0.479,0.0032002400388217,1
"PFAnons","FreeParm","Null",200,5,"process_noise",-0.021640505905508,-0.301820491282992,0.0691129802021764,0.896666666666667,-0.0389248209630143,0.666666666666667
"PFAnons","FreeParm","Null",200,5,"time_series",-0.00189681153891105,0.0023095521245489,0.0292504150484844,0.982,-0.0122942438265705,1
"PFAnons","Null","deJong",20,50,"measurement",-0.000370446275984265,-0.000679957752406779,0.0346892223160525,0.950931677018634,-0.000493011346433064,1
"PFAnons","Null","deJong",20,50,"process_noise",-0.0108118301276145,-0.0369026628768992,0.0362017459281898,0.943064182194617,-0.0022601231460701,0.975155279503106
"PFAnons","Null","deJong",20,50,"time_series",-0.000303355666589497,-0.000403989450102928,0.00346948496315945,0.963509316770186,-0.000193129516437212,1
"PFAnons","Null","deJong",200,5,"measurement",-0.0592168349385755,-0.047738955637492,0.106350186476364,0.5742,0.000972222535107905,1
"PFAnons","Null","deJong",200,5,"process_noise",0.167823215056225,0.486991074437914,0.181409835823362,0.299333333333333,0.00202329487315674,0.971333333333333
"PFAnons","Null","deJong",200,5,"time_series",-0.0728001908725778,-0.0799955070856145,0.0836874462200366,0.536,-0.00250498735899975,1
"PFAnons","Null","EKF",20,50,"measurement",-0.000729497464791368,-0.00122804339199762,0.0347910691081388,0.954006968641115,-0.00037248688140346,1
"PFAnons","Null","EKF",20,50,"process_noise",-0.0105492243305008,-0.0383524047433929,0.0362820289592437,0.944250871080139,-0.00199233074036056,0.97212543554007
"PFAnons","Null","EKF",20,50,"time_series",-0.000318375643357127,-0.00038854925710139,0.00352303321724948,0.961672473867596,-0.000164200029359317,1
"PFAnons","Null","EKF",200,5,"measurement",-0.059216836276965,-0.047738955990344,0.106350199215671,0.5742,0.000972236996907856,1
"PFAnons","Null","EKF",200,5,"process_noise",0.167823223311248,0.486991071481943,0.181409838543697,0.299333333333333,0.00202328243467961,0.971333333333333
"PFAnons","Null","EKF",200,5,"time_series",-0.0728001968328017,-0.0799955057081857,0.0836874587593901,0.536,-0.00250497123342948,1
"PFAnons","Null","FreeParm",20,50,"init_cond",-0.73211950164749,-0.994339648551237,0.734950424644732,0,-0.00900919458556694,0.00930232558139535
"PFAnons","Null","FreeParm",20,50,"measurement",-0.00169703705145236,-0.00237084477486253,0.0342542447732709,0.955813953488372,-0.000605084599498225,1
"PFAnons","Null","FreeParm",20,50,"process_noise",-0.01120800500861,-0.0409158128730505,0.0313364400807003,0.968992248062016,-0.00707646982316208,0.984496124031008
"PFAnons","Null","FreeParm",20,50,"time_series",-0.00029436398853544,-0.000436877656236847,0.00347518519577192,0.950581395348837,-0.000185387917452518,1
"PFAnons","Null","FreeParm",200,5,"init_cond",-0.733232198962534,-0.990828660206319,0.733553729763671,0,-0.000130304551637701,0.0440677966101695
"PFAnons","Null","FreeParm",200,5,"measurement",-0.000820041052612291,-0.00150560905212454,0.0510936604528012,0.944067796610169,0.000488220302172596,1
"PFAnons","Null","FreeParm",200,5,"process_noise",-0.00756787845382801,-0.0127145605235913,0.0473586345760904,0.906779661016949,0.000827037155839917,0.963276836158192
"PFAnons","Null","FreeParm",200,5,"time_series",-0.00254332679827192,-0.00206069222797412,0.0431923293525089,0.949152542372881,-5.36681375768854e-06,1
"PFAnons","Null","largeK",20,50,"measurement",-0.000792910374422468,-0.00133675726972175,0.0347530934400292,0.953819444444444,-0.000421315063332211,1
"PFAnons","Null","largeK",20,50,"process_noise",-0.0103227658675147,-0.0378766803638612,0.0361006176687419,0.946759259259259,-0.00214084752170371,0.972222222222222
"PFAnons","Null","largeK",20,50,"time_series",-0.000322549614605261,-0.00041963158710136,0.00353801200398657,0.961805555555556,-0.000157730874482448,1
"PFAnons","Null","largeK",200,5,"measurement",-0.0592011494147723,-0.0477384961296354,0.106312105891287,0.5744,0.000970155053364331,1
"PFAnons","Null","largeK",200,5,"process_noise",0.167725998187289,0.486702316122324,0.181313728408725,0.299333333333333,0.00201777419061041,0.971333333333333
"PFAnons","Null","largeK",200,5,"time_series",-0.0727647063724951,-0.079954435502592,0.0836548119594949,0.536,-0.00250672969001292,1
"PFAnons","Null","Null",20,50,"measurement",-0.000676217539271434,-0.00112667526110477,0.0345789360675376,0.952901023890785,-0.000349968585077043,1
"PFAnons","Null","Null",20,50,"process_noise",-0.0108054109444315,-0.0378288360578941,0.035894326245842,0.940841865756541,-0.00198951111956661,0.978384527872582
"PFAnons","Null","Null",20,50,"time_series",-0.000297699097678364,-0.000339966140241988,0.00351013924585944,0.962457337883959,-0.000183292481986724,1
"PFAnons","Null","Null",200,5,"measurement",0.000664047820456909,0.000632153373423316,0.0505614700434218,0.9458,0.000218856023327747,1
"PFAnons","Null","Null",200,5,"process_noise",-0.00861643587512986,-0.0272120753513646,0.047758990991689,0.914,0.00177951053401967,0.96
"PFAnons","Null","Null",200,5,"time_series",-0.00121394099368109,0.000282541470583723,0.0415243662444848,0.96,-0.00183894595014841,1
"PFAnonsMild","diffuse","deJong",20,50,"measurement",-0.00148098041523718,-0.00162250183622617,0.0334689273820566,0.941642228739003,0.00110385627465526,1
"PFAnonsMild","diffuse","deJong",20,50,"process_noise",-0.00661985706312165,-0.177880340844333,0.0133122717739412,0.853372434017595,0.00196497699230414,0.773216031280547
"PFAnonsMild","diffuse","deJong",20,50,"time_series",-5.55803853048709e-05,-9.39276190460515e-05,0.00274789666085785,0.957478005865103,-0.000180129370737055,1
"PFAnonsMild","diffuse","EKF",20,50,"measurement",-0.000763859721505966,-0.000563767956353822,0.0327281606476544,0.946627565982405,0.000363261359050829,1
"PFAnonsMild","diffuse","EKF",20,50,"process_noise",-0.00679644725401912,-0.183421442789724,0.0141241178581012,0.856304985337243,0.00280643323926148,0.772238514173998
"PFAnonsMild","diffuse","EKF",20,50,"time_series",-3.12994402272976e-05,-5.26077638169553e-05,0.0027395300915496,0.959677419354839,-0.000199696592833648,1
"PFAnonsMild","diffuse","FreeParm",20,50,"init_cond",0.31994492088365,-0.585151464280886,1.83383580823321,0.349090909090909,-0.21177137250368,0.528311688311688
"PFAnonsMild","diffuse","FreeParm",20,50,"measurement",-0.00092638071194156,-0.000596709088559891,0.0331175414725385,0.945714285714286,0.000773476651376201,1
"PFAnonsMild","diffuse","FreeParm",20,50,"process_noise",-0.00700187860903645,-0.187734975764424,0.0138325677113791,0.852813852813853,0.002367851465343,0.766233766233766
"PFAnonsMild","diffuse","FreeParm",20,50,"time_series",1.42978754802819e-05,-2.45608387129521e-05,0.00275343660097914,0.957792207792208,-0.000184205741765891,1
"PFAnonsMild","diffuse","largeK",20,50,"measurement",-0.000669528831446298,-0.000434738724475034,0.0327641606080214,0.945086705202312,0.000427358895816399,1
"PFAnonsMild","diffuse","largeK",20,50,"process_noise",-0.00754198536724231,-0.205357330442149,0.0155726892432681,0.835260115606936,0.00415232263226147,0.75626204238921
"PFAnonsMild","diffuse","largeK",20,50,"time_series",-3.08028616760464e-05,-6.05278584197378e-05,0.00276088854880085,0.959537572254335,-0.000177144215844514,1
"PFAnonsMild","diffuse","Null",20,50,"measurement",0.0456189408440298,0.0707728813537108,0.0641976874562031,0.729012345679012,0.00247692802710585,1
"PFAnonsMild","diffuse","Null",20,50,"process_noise",0.0374334496458992,0.318570401177527,0.0686293646188966,0.0322359396433471,0.00233490597778791,0.808641975308642
"PFAnonsMild","diffuse","Null",20,50,"time_series",-0.0002049402962324,-0.000651680671517757,0.00280166587759732,0.993827160493827,-0.000971130143199826,1
"PFAnonsMild","FreeParm","deJong",20,50,"measurement",2.46753041715508e-06,-0.000161746729704525,0.0335090074094439,0.941463414634146,0.000751638574647871,1
"PFAnonsMild","FreeParm","deJong",20,50,"process_noise",-0.00634131198526116,-0.173012476556971,0.0130319832014376,0.867886178861789,0.00176689999082299,0.784552845528455
"PFAnonsMild","FreeParm","deJong",20,50,"time_series",-0.000123260540177,2.4027532745425e-05,0.00335640524567686,0.952743902439024,-7.15630331143848e-05,1
"PFAnonsMild","FreeParm","EKF",20,50,"measurement",5.23056816484679e-05,-8.87972314728504e-05,0.0329552526739372,0.948179271708683,0.000158597242377277,1
"PFAnonsMild","FreeParm","EKF",20,50,"process_noise",-0.00650193622631756,-0.176424805459686,0.0137280370618143,0.860877684407096,0.00246651079925925,0.774042950513539
"PFAnonsMild","FreeParm","EKF",20,50,"time_series",-0.00012842210374614,-6.77380690272182e-05,0.00333268279304837,0.957282913165266,-0.000127769074475416,1
"PFAnonsMild","FreeParm","FreeParm",20,50,"init_cond",-0.0242619059956944,-0.0359692819768182,0.26168261821956,0.918863049095607,0.00472120627426171,0.774160206718346
"PFAnonsMild","FreeParm","FreeParm",20,50,"measurement",-9.96233494747645e-05,-0.000146216527508031,0.0332158846109901,0.944702842377261,0.000457915858400276,1
"PFAnonsMild","FreeParm","FreeParm",20,50,"process_noise",-0.00600761944078744,-0.164831964490345,0.0127899563248606,0.873385012919897,0.00163671528812295,0.784668389319552
"PFAnonsMild","FreeParm","FreeParm",20,50,"time_series",-1.05247483680321e-05,-1.23251572048846e-05,0.0033320793859229,0.956072351421189,-0.000119827878268967,1
"PFAnonsMild","FreeParm","largeK",20,50,"measurement",0.000369624590272938,0.00014033980693617,0.032955762363809,0.946648044692737,0.000160709324030352,1
"PFAnonsMild","FreeParm","largeK",20,50,"process_noise",-0.00648376700960043,-0.176303763675303,0.0137642416341876,0.860335195530726,0.0025248158614796,0.776536312849162
"PFAnonsMild","FreeParm","largeK",20,50,"time_series",-0.000126176889580928,-6.37859208949037e-05,0.00331313026629667,0.956005586592179,-0.000136722232283454,1
"PFAnonsMild","FreeParm","Null",20,50,"measurement",0.0172496282772359,0.0257873693068228,0.0421605727645759,0.886004056795132,0.00184859251172995,1
"PFAnonsMild","FreeParm","Null",20,50,"process_noise",-0.00623246130936273,-0.35752914899127,0.0146648617804023,0.718052738336714,-0.00623050191848349,0.592292089249493
"PFAnonsMild","FreeParm","Null",20,50,"time_series",-0.000402624500644752,-0.000746164945431096,0.00344828617866641,0.977687626774848,-0.000698255602223387,1
"PFAnonsMild","Null","deJong",20,50,"measurement",-0.00097437514686049,-0.00143610202129501,0.0352138987033142,0.95014164305949,-0.000295468533001708,1
"PFAnonsMild","Null","deJong",20,50,"process_noise",-0.006493067642127,-0.178615185712731,0.0126336912922958,0.868744098205855,0.0010910372024912,0.776203966005666
"PFAnonsMild","Null","deJong",20,50,"time_series",-0.000390179603807106,-0.000522394094277165,0.00607876119230268,0.957507082152975,-0.000563012740867889,1
"PFAnonsMild","Null","EKF",20,50,"measurement",-0.000829316306240119,-0.00148514966505223,0.0351638711506394,0.951157407407407,-0.000362271766187482,1
"PFAnonsMild","Null","EKF",20,50,"process_noise",-0.00647977547147789,-0.178395736241281,0.0132259271121908,0.867283950617284,0.00180108419781038,0.772376543209877
"PFAnonsMild","Null","EKF",20,50,"time_series",-0.000412769659526135,-0.000467630293826738,0.00606013381910531,0.95775462962963,-0.000592563170865104,1
"PFAnonsMild","Null","FreeParm",20,50,"init_cond",-0.732858300567179,-0.994172473635042,0.734421387967258,0,-0.00338906860453601,0.0262295081967213
"PFAnonsMild","Null","FreeParm",20,50,"measurement",0.000398013671185954,-0.000478623099388303,0.0349119078408596,0.945901639344262,-0.000401634023678655,1
"PFAnonsMild","Null","FreeParm",20,50,"process_noise",-0.00555593469041106,-0.147593334913505,0.0136251949033693,0.841530054644809,0.00319079922606461,0.833333333333333
"PFAnonsMild","Null","FreeParm",20,50,"time_series",-0.000225138198350211,8.86899431143856e-06,0.0058493603664335,0.959016393442623,-0.000695187242513251,1
"PFAnonsMild","Null","largeK",20,50,"measurement",-0.000918211621977066,-0.00147360147380318,0.0351176130790126,0.950921658986175,-0.000407423069283823,1
"PFAnonsMild","Null","largeK",20,50,"process_noise",-0.00667667611142297,-0.183789692272342,0.0136204391892029,0.860983102918587,0.0021708597341582,0.766513056835638
"PFAnonsMild","Null","largeK",20,50,"time_series",-0.000463388120875791,-0.000476002637635594,0.00605569158032057,0.95852534562212,-0.000609231043656103,1
"PFAnonsMild","Null","Null",20,50,"measurement",-8.41052885844185e-05,-0.000571728851745772,0.0350493055551927,0.953467561521253,-0.000306332074366455,1
"PFAnonsMild","Null","Null",20,50,"process_noise",-0.00660865182873753,-0.183181114013998,0.0130517301879716,0.853094705443699,0.00225722747772431,0.798657718120805
"PFAnonsMild","Null","Null",20,50,"time_series",-1.45140437017716e-05,-6.01703208278602e-05,0.0060437414463543,0.960850111856823,-0.000607192572350561,1
"PFAnonsModerate","diffuse","deJong",200,5,"measurement",-0.0105959192280045,-0.0077981821445053,0.0499964091293674,0.808951965065502,-0.000162784951132969,1
"PFAnonsModerate","diffuse","deJong",200,5,"process_noise",-0.0419262592448269,-0.0619825569093796,0.0975016818235043,0.861717612809316,-0.00308891191441545,1
"PFAnonsModerate","diffuse","deJong",200,5,"time_series",-0.012381964546161,-0.0107779458414758,0.0221925640348492,0.903384279475983,-0.00100374260349881,1
"PFAnonsModerate","diffuse","EKF",200,5,"measurement",-0.010830792418676,-0.00793377290337639,0.0500197420624138,0.81,-0.000144831135923273,1
"PFAnonsModerate","diffuse","EKF",200,5,"process_noise",-0.0405847112052464,-0.0603349323070175,0.0967753572906179,0.864666666666667,-0.00363325490308804,1
"PFAnonsModerate","diffuse","EKF",200,5,"time_series",-0.0121630704487426,-0.0107311479095172,0.0221293514078624,0.9035,-0.000920077779887777,1
"PFAnonsModerate","diffuse","FreeParm",200,5,"init_cond",0.361983922919535,-0.570177477053033,1.821764908769,0.008,-0.0729875214951214,0.6192
"PFAnonsModerate","diffuse","FreeParm",200,5,"measurement",-9.42443417223326e-05,0.000190864155737566,0.0428919576509078,0.9512,-0.000232592864759731,1
"PFAnonsModerate","diffuse","FreeParm",200,5,"process_noise",-0.0884788429161484,-0.121391107586606,0.116132337789672,0.703333333333333,-0.00419145619417322,1
"PFAnonsModerate","diffuse","FreeParm",200,5,"time_series",-0.000425710286912795,-2.74113527299706e-05,0.018392114392749,0.961,-0.000983738198275155,1
"PFAnonsModerate","diffuse","largeK",200,5,"measurement",-0.0108010449439205,-0.00792168737561302,0.0499758415369313,0.8106,-0.000145374829010182,1
"PFAnonsModerate","diffuse","largeK",200,5,"process_noise",-0.0407736456179105,-0.0605736149149279,0.0968118688305577,0.864,-0.0036369415055008,1
"PFAnonsModerate","diffuse","largeK",200,5,"time_series",-0.0121285179011472,-0.0106969321944702,0.0221103227181227,0.904,-0.000920278074070372,1
"PFAnonsModerate","diffuse","Null",200,5,"measurement",0.587139084237748,0.876039223633411,0.602036168955323,0.3878,-0.00338697407022125,1
"PFAnonsModerate","diffuse","Null",200,5,"process_noise",0.294884802110777,0.0604312175645971,0.617073817002958,0,-0.0171970248638564,0.690666666666667
"PFAnonsModerate","diffuse","Null",200,5,"time_series",0.0175965967713118,0.0211828903413036,0.027840739885929,0.966,-0.0109359617870295,1
"PFAstat","FreeParm","deJong",20,50,"measurement",-0.00570791707353853,-0.00468666329993019,0.056030470397816,0.9406,-0.000705559529576012,1
"PFAstat","FreeParm","deJong",20,50,"process_noise",-0.0650086275793917,-0.0929034286205499,0.104972155733679,0.728666666666667,0.00162838689524978,1
"PFAstat","FreeParm","deJong",20,50,"time_series",-0.000218149814019346,-0.0119751606740423,0.0305084207850417,0.9485,-0.000154652461390417,0.9735
"PFAstat","FreeParm","deJong",200,5,"measurement",-0.047494915905634,-0.0303996278593496,0.110604741076093,0.525708502024292,-0.000388250287373379,1
"PFAstat","FreeParm","deJong",200,5,"process_noise",0.101206347201282,0.116231352593202,0.136752417874307,0.733468286099865,0.00177649014626165,1
"PFAstat","FreeParm","deJong",200,5,"time_series",-0.00375025523832033,-0.0697436464043366,0.0442992640762781,0.885627530364372,0.00157156352657698,0.938765182186235
"PFAstat","FreeParm","EKF",20,50,"measurement",-0.00570791706827791,-0.00468666327390368,0.0560304703717601,0.9406,-0.000705560181075936,1
"PFAstat","FreeParm","EKF",20,50,"process_noise",-0.0650086276472711,-0.0929034286482587,0.104972155949401,0.728666666666667,0.00162838748688837,1
"PFAstat","FreeParm","EKF",20,50,"time_series",-0.000218149940745482,-0.0119751592859924,0.0305084204244567,0.9485,-0.000154587970547674,0.9735
"PFAstat","FreeParm","EKF",200,5,"measurement",-0.047547941440913,-0.0304016013838495,0.110507905777088,0.526156941649899,-0.000471281681079458,1
"PFAstat","FreeParm","EKF",200,5,"process_noise",0.101523662420857,0.116674287023527,0.136914462444587,0.733065057008719,0.00168636081402548,1
"PFAstat","FreeParm","EKF",200,5,"time_series",-0.00373466413775272,-0.0699059263699273,0.0442428946431838,0.886317907444668,0.00142639091358464,0.938631790744467
"PFAstat","FreeParm","FreeParm",20,50,"init_cond",-0.03855264815897,-0.0546111776032783,0.288745481110261,0.9548,-0.281967626814754,0.3428
"PFAstat","FreeParm","FreeParm",20,50,"measurement",0.000611925111970263,-0.000293135463367828,0.0554316784334634,0.9524,-0.000597460933770865,1
"PFAstat","FreeParm","FreeParm",20,50,"process_noise",-0.0830744970671048,-0.115468616951203,0.114795827727135,0.656,0.00241634236496537,1
"PFAstat","FreeParm","FreeParm",20,50,"time_series",-8.74826706141751e-06,-0.00928272893517254,0.0305827628528765,0.948,-0.000152227095294947,0.974
"PFAstat","FreeParm","FreeParm",200,5,"init_cond",-0.0052810639450089,-0.0082913536047815,0.100040329873028,0.972,-0.0896785107601986,0.9904
"PFAstat","FreeParm","FreeParm",200,5,"measurement",-0.000266129030806134,-0.00029745452325147,0.0564142192051528,0.9528,-0.000606061238789725,1
"PFAstat","FreeParm","FreeParm",200,5,"process_noise",-0.0829627253890075,-0.114105137193255,0.120222947266323,0.706666666666667,0.00417333468914501,1
"PFAstat","FreeParm","FreeParm",200,5,"time_series",-0.000297129304327234,-0.0020746183544378,0.038613302579453,0.9475,0.00125486993111652,0.957
"PFAstat","FreeParm","largeK",20,50,"measurement",-0.00569691771777415,-0.00468043389361438,0.0560252663097208,0.9408,-0.000705644451162388,1
"PFAstat","FreeParm","largeK",20,50,"process_noise",-0.0650294674037814,-0.0929283368708807,0.104981612009972,0.728666666666667,0.00162966228348938,1
"PFAstat","FreeParm","largeK",20,50,"time_series",-0.000216437532359698,-0.011976195294204,0.0305086531660555,0.9485,-0.000154599317010539,0.9735
"PFAstat","FreeParm","largeK",200,5,"measurement",-0.0474437786114976,-0.0303720401521783,0.110426347011882,0.526907630522088,-0.000435786994591824,1
"PFAstat","FreeParm","largeK",200,5,"process_noise",0.101318745487523,0.116439850316668,0.136711288631112,0.734270414993307,0.00161065856425471,1
"PFAstat","FreeParm","largeK",200,5,"time_series",-0.00366864035203848,-0.0702374348153499,0.0442661876705983,0.886546184738956,0.00147543303829791,0.938253012048193
"PFAstat","FreeParm","ModelImplied",20,50,"measurement",0.000629433976740573,-0.00027391940576857,0.0554862226711935,0.953507014028056,-0.000636397655380427,1
"PFAstat","FreeParm","ModelImplied",20,50,"process_noise",-0.0893098113653287,-0.122164969026747,0.118078158137357,0.632598530394122,0.00141209801041138,1
"PFAstat","FreeParm","ModelImplied",20,50,"time_series",0.000234894026350758,-0.0237541362042394,0.0310527774244887,0.942885771543086,-0.000300712739697347,0.966933867735471
"PFAstat","FreeParm","ModelImplied",200,5,"measurement",-0.000189269673939446,-0.000499406107913442,0.0573299258374426,0.95450643776824,-0.000728962196337864,1
"PFAstat","FreeParm","ModelImplied",200,5,"process_noise",-0.140775322579074,-0.179782559018959,0.159266288281338,0.489985693848355,-0.00232441534316697,1
"PFAstat","FreeParm","ModelImplied",200,5,"time_series",0.00154903427759608,-0.143221754606124,0.0615717006180806,0.665236051502146,0.000174024694201435,0.821888412017167
"PFAstat","FreeParm","Null",20,50,"measurement",0.0260235762491769,0.0515837043172264,0.0761684327372536,0.806212424849699,0.000416116792105814,1
"PFAstat","FreeParm","Null",20,50,"process_noise",-0.0817031427279947,-0.109486181545157,0.115761584499601,0.680694722778891,0.00251192032354147,1
"PFAstat","FreeParm","Null",20,50,"time_series",0.00324415005664741,0.00507465868776547,0.0312693937862607,0.948897795591182,-0.000606601057312866,0.969438877755511
"PFAstat","FreeParm","Null",200,5,"measurement",0.261748628220003,0.398311363226087,0.305968572806227,0.443661971830986,-0.00154083400236785,1
"PFAstat","FreeParm","Null",200,5,"process_noise",-0.0559138192968124,-0.0645744460096068,0.12004235234648,0.806841046277666,0.00250916650007627,1
"PFAstat","FreeParm","Null",200,5,"time_series",0.0206643783039559,0.0968212484075891,0.0610507555659041,0.881790744466801,-0.00339429663583104,0.895875251509054
"PFAstat","ModelImplied","deJong",20,50,"measurement",-0.00777918760535785,-0.00623706341627762,0.057145159637942,0.9384,0.00031365747672811,1
"PFAstat","ModelImplied","deJong",20,50,"process_noise",-0.0624037782852125,-0.0887243829808456,0.102275814687022,0.752,-0.000779660292488967,1
"PFAstat","ModelImplied","deJong",20,50,"time_series",-1.50130286795877e-05,-0.00465295650865313,0.0299120744065989,0.9565,-0.000377084653069992,0.9765
"PFAstat","ModelImplied","deJong",200,5,"measurement",-0.0438547242356007,-0.0289457015575022,0.106553320066442,0.538821138211382,0.00151075043439121,1
"PFAstat","ModelImplied","deJong",200,5,"process_noise",0.0613491162695632,0.0649664450516367,0.109332524958398,0.819105691056911,-0.00275260152295929,1
"PFAstat","ModelImplied","deJong",200,5,"time_series",-0.00679353538722837,-0.0405282335448029,0.037036239937073,0.915142276422764,9.83200480901072e-05,0.954776422764228
"PFAstat","ModelImplied","EKF",20,50,"measurement",-0.00777918750607202,-0.00623706326891861,0.0571451597055456,0.9384,0.000313658706451873,1
"PFAstat","ModelImplied","EKF",20,50,"process_noise",-0.0624037784756429,-0.0887243832407026,0.102275814817442,0.752,-0.000779659633861616,1
"PFAstat","ModelImplied","EKF",20,50,"time_series",-1.50130261311089e-05,-0.00465295609165957,0.0299120743447934,0.9565,-0.000377074822630742,0.9765
"PFAstat","ModelImplied","EKF",200,5,"measurement",-0.0439858548572801,-0.0290666168122417,0.106751442743989,0.5374749498998,0.00162742218060775,1
"PFAstat","ModelImplied","EKF",200,5,"process_noise",0.0613236458264577,0.0648035677134422,0.109431772020485,0.818303273213093,-0.0026334109795597,1
"PFAstat","ModelImplied","EKF",200,5,"time_series",-0.00676735752349809,-0.0410677902634481,0.0369808656547173,0.915831663326653,2.28699001779157e-05,0.954909819639279
"PFAstat","ModelImplied","FreeParm",20,50,"init_cond",-0.128906915373713,-0.262859093669111,0.727365515611384,0.7136,-0.539016936554382,0.032
"PFAstat","ModelImplied","FreeParm",20,50,"measurement",-0.00160974895939433,-0.00194379862232247,0.0560768459718548,0.9506,0.000306803401604302,1
"PFAstat","ModelImplied","FreeParm",20,50,"process_noise",-0.0797431580985258,-0.110419080441154,0.111237193242488,0.676,-0.000186747163835028,1
"PFAstat","ModelImplied","FreeParm",20,50,"time_series",0.00028650998846956,-0.00236661180409869,0.0300699165890396,0.955,-0.000347171112744488,0.9765
"PFAstat","ModelImplied","FreeParm",200,5,"init_cond",-0.118581287221147,-0.266224881565428,0.601290287418751,0.497590361445783,-0.157087698540756,0.440963855421687
"PFAstat","ModelImplied","FreeParm",200,5,"measurement",-9.75686569077983e-06,-0.000509349759888423,0.0582817712295874,0.946987951807229,0.00119912505856772,1
"PFAstat","ModelImplied","FreeParm",200,5,"process_noise",-0.0856814545238049,-0.117849796080063,0.117934702374434,0.691432396251673,-0.000137118874971436,1
"PFAstat","ModelImplied","FreeParm",200,5,"time_series",-0.00139170364909523,-0.000695381817520202,0.0342186604432924,0.951807228915663,-2.08358358172907e-05,0.957831325301205
"PFAstat","ModelImplied","largeK",20,50,"measurement",-0.00776789512746526,-0.00623069261884079,0.0571391258674113,0.9384,0.000313400254504141,1
"PFAstat","ModelImplied","largeK",20,50,"process_noise",-0.0624390545082474,-0.0887687211699791,0.102290415488788,0.752,-0.000779326269993182,1
"PFAstat","ModelImplied","largeK",20,50,"time_series",-1.4444666156712e-05,-0.00464944682976836,0.0299122842220396,0.9565,-0.000377051165498175,0.9765
"PFAstat","ModelImplied","largeK",200,5,"measurement",-0.0439289991249987,-0.0290457823591495,0.106625898975797,0.538276553106212,0.00162523706064551,1
"PFAstat","ModelImplied","largeK",200,5,"process_noise",0.0610257558644208,0.0644343298229337,0.109286163241056,0.818303273213093,-0.00263212514547264,1
"PFAstat","ModelImplied","largeK",200,5,"time_series",-0.00675339174236576,-0.0409770119852003,0.0369636865062791,0.916332665330661,2.15971825674593e-05,0.954909819639279
"PFAstat","ModelImplied","ModelImplied",20,50,"measurement",-0.00162138654812912,-0.00193907937771875,0.0560371351965848,0.951,0.000270193745302268,1
"PFAstat","ModelImplied","ModelImplied",20,50,"process_noise",-0.0792534411709854,-0.109657903190438,0.110850382429967,0.674666666666667,-7.46759744308425e-05,1
"PFAstat","ModelImplied","ModelImplied",20,50,"time_series",0.000424489408400366,-0.00272037110835311,0.0298603003556558,0.954,-0.000388576571301675,0.9775
"PFAstat","ModelImplied","ModelImplied",200,5,"measurement",-4.70155555719554e-05,-0.000514873830949136,0.058246261159281,0.94749498997996,0.00116413062174299,1
"PFAstat","ModelImplied","ModelImplied",200,5,"process_noise",-0.0851563627327137,-0.117258325487078,0.115820337782587,0.676018704074816,0.00067145575183693,1
"PFAstat","ModelImplied","ModelImplied",200,5,"time_series",-0.00143094774971681,-0.00097698685091147,0.0322813518481617,0.94689378757515,-0.000152824270521671,0.960921843687375
"PFAstat","ModelImplied","Null",20,50,"measurement",0.0230461240315899,0.0525302160296501,0.0764292319971216,0.7934,0.00136300959238672,1
"PFAstat","ModelImplied","Null",20,50,"process_noise",-0.0745151321394329,-0.102964366934643,0.110306712539463,0.707333333333333,0.000397833106865177,1
"PFAstat","ModelImplied","Null",20,50,"time_series",0.00392003288182908,0.00728457323752014,0.0311223250047899,0.9455,-0.000706464446176678,0.9745
"PFAstat","ModelImplied","Null",200,5,"measurement",0.252155356743423,0.399140501153081,0.295943478909727,0.427991886409736,0.00184112870735574,1
"PFAstat","ModelImplied","Null",200,5,"process_noise",-0.0392438622535686,-0.094249116044236,0.112787344891795,0.791751183231914,-0.000994272656173264,1
"PFAstat","ModelImplied","Null",200,5,"time_series",0.0179347228509338,0.0394481231417083,0.0511875715016361,0.920385395537525,-0.00414527386793574,0.88184584178499
"PFAstat","Null","deJong",20,50,"measurement",-0.00750523800256502,-0.00568814604378682,0.057218523123334,0.938152610441767,-0.000475730920778701,1
"PFAstat","Null","deJong",20,50,"process_noise",-0.0727420616130432,-0.102680118895954,0.107232012859792,0.724899598393574,-0.00099271763638938,1
"PFAstat","Null","deJong",20,50,"time_series",-0.00121290155397845,-0.00341052472176184,0.0315449448807826,0.946285140562249,0.000487932123018581,0.971385542168675
"PFAstat","Null","deJong",200,5,"measurement",-0.0729502097090737,-0.0457092471523231,0.168271531715462,0.339059304703477,0.00222487219298704,1
"PFAstat","Null","deJong",200,5,"process_noise",0.147966101239607,0.161501347931722,0.175823331430614,0.646216768916155,-0.00690361797807921,1
"PFAstat","Null","deJong",200,5,"time_series",-0.0139597238216878,-0.127496836273403,0.0633780973234549,0.845092024539877,0.00086022557002384,0.850715746421268
"PFAstat","Null","EKF",20,50,"measurement",-0.00750523793009741,-0.00568814593464417,0.0572185229407305,0.938152610441767,-0.000475731087334829,1
"PFAstat","Null","EKF",20,50,"process_noise",-0.0727420614608273,-0.102680118832714,0.107232012930832,0.724899598393574,-0.000992720024072721,1
"PFAstat","Null","EKF",20,50,"time_series",-0.00121290121521978,-0.00341052845460878,0.0315449454099825,0.946285140562249,0.000487906758138253,0.971385542168675
"PFAstat","Null","EKF",200,5,"measurement",-0.0729928367228415,-0.0457691670779875,0.168290641045455,0.339344262295082,0.00223566317463923,1
"PFAstat","Null","EKF",200,5,"process_noise",0.147826686958382,0.161347161571528,0.17572022758509,0.646857923497268,-0.0068862615610376,1
"PFAstat","Null","EKF",200,5,"time_series",-0.0140497332039763,-0.126935512049329,0.063329704702691,0.845286885245902,0.00081590183343057,0.850922131147541
"PFAstat","Null","FreeParm",20,50,"init_cond",-0.723511312548518,-0.977682511817168,0.728981373202066,0.403208556149733,-20.5739217936956,0.0299465240641711
"PFAstat","Null","FreeParm",20,50,"measurement",-0.000851548528090357,-0.00188644503136481,0.0551594875528746,0.945454545454545,-0.000588204659667773,1
"PFAstat","Null","FreeParm",20,50,"process_noise",-0.0962854621055252,-0.131694775464805,0.122865524472748,0.61319073083779,0.00153309723438731,1
"PFAstat","Null","FreeParm",20,50,"time_series",-0.00228418522639844,0.00110953393772753,0.0314578532352499,0.949197860962567,0.000275705614738796,0.977272727272727
"PFAstat","Null","FreeParm",200,5,"init_cond",-0.735998287003743,-0.994789217907288,0.736456780478098,0.394,-13.1904036292288,0.037
"PFAstat","Null","FreeParm",200,5,"measurement",-0.00184915292970626,-0.00383124416584864,0.0561782974711469,0.9525,-0.000191536914832851,1
"PFAstat","Null","FreeParm",200,5,"process_noise",-0.0899025308653054,-0.12504878361722,0.128487178045092,0.641666666666667,0.00725304406041875,1
"PFAstat","Null","FreeParm",200,5,"time_series",-0.00632500300107367,0.0183326154349029,0.0486447581598577,0.93625,0.00153806877039331,0.89375
"PFAstat","Null","largeK",20,50,"measurement",-0.0075031129712115,-0.00568819492206237,0.0572163991723716,0.938152610441767,-0.000475838918464856,1
"PFAstat","Null","largeK",20,50,"process_noise",-0.0727492243896184,-0.102689099596783,0.107235538380122,0.724899598393574,-0.000992568553667121,1
"PFAstat","Null","largeK",20,50,"time_series",-0.00121284127951741,-0.00341033588269271,0.031544998469396,0.946285140562249,0.000487921712831525,0.971385542168675
"PFAstat","Null","largeK",200,5,"measurement",-0.073025635468814,-0.0458132931147438,0.16826642842463,0.339344262295082,0.00221148011342155,1
"PFAstat","Null","largeK",200,5,"process_noise",0.147658093117947,0.161138353206433,0.175575055588825,0.646857923497268,-0.00689238975989569,1
"PFAstat","Null","largeK",200,5,"time_series",-0.014222182512084,-0.126752948448649,0.0634242431991986,0.844774590163934,0.000913703998784937,0.850922131147541
"PFAstat","Null","ModelImplied",20,50,"measurement",-0.000964502995670768,-0.00113934384971275,0.0559359773126577,0.945582329317269,-0.00047900264987101,1
"PFAstat","Null","ModelImplied",20,50,"process_noise",-0.107200548512576,-0.146021912373681,0.128710575938037,0.55421686746988,-0.000593765212645865,1
"PFAstat","Null","ModelImplied",20,50,"time_series",-0.0044967546608903,-0.016781441203719,0.0321769642662086,0.936746987951807,0.000652276882433449,0.971385542168675
"PFAstat","Null","ModelImplied",200,5,"measurement",0.000954520370990547,0.000611435657530283,0.0645343739349948,0.949795918367347,0.000116852439035645,1
"PFAstat","Null","ModelImplied",200,5,"process_noise",-0.227175774651838,-0.299103453408043,0.236190740472593,0.0836734693877551,0.00214780630572077,1
"PFAstat","Null","ModelImplied",200,5,"time_series",-0.0390338679495185,-0.226274186457833,0.091037607192581,0.470408163265306,-0.0010287962747292,0.85765306122449
"PFAstat","Null","Null",20,50,"measurement",-0.00093482930217908,-0.00111740368315578,0.0549395627479926,0.946586345381526,-0.0005098015305144,1
"PFAstat","Null","Null",20,50,"process_noise",-0.0910882597756952,-0.12563277449362,0.117872783610671,0.637215528781794,-0.000732172694017469,1
"PFAstat","Null","Null",20,50,"time_series",-0.000902979865502983,-0.00110507506029163,0.0316233743360653,0.947791164658635,0.00054424028191915,0.971887550200803
"PFAstat","Null","Null",200,5,"measurement",0.00110971109667815,0.00161978084046531,0.0552349797513829,0.951313131313131,-8.88134078620685e-05,1
"PFAstat","Null","Null",200,5,"process_noise",-0.0907740468404209,-0.124471772575084,0.126349998978405,0.668013468013468,0.00313033324794409,1
"PFAstat","Null","Null",200,5,"time_series",-0.00327910986447044,0.00594613338177799,0.0476465011428322,0.952525252525253,0.000564227632500032,0.884343434343434
